,КодТовара,Номенклатура,Характеристика,Толщина,КоличествоОстаток
,45767,ДСП SAVIOLA Artlight/Artligh D99 Дуб Ривьера,290х720,18.00,0.209
,45767,ДСП SAVIOLA Artlight/Artligh D99 Дуб Ривьера,530х290,18.00,0.154
,45767,ДСП SAVIOLA Artlight/Artligh D99 Дуб Ривьера,250х490,18.00,0.123
,45767,ДСП SAVIOLA Artlight/Artligh D99 Дуб Ривьера,420х350,18.00,0.147
,45767,ДСП SAVIOLA Artlight/Artligh D99 Дуб Ривьера,240х590,18.00,0.142
,45767,ДСП SAVIOLA Artlight/Artligh D99 Дуб Ривьера,520х260,18.00,0.135
,45767,ДСП SAVIOLA Artlight/Artligh D99 Дуб Ривьера,250х500,18.00,0.125
,45767,ДСП SAVIOLA Artlight/Artligh D99 Дуб Ривьера,430х290,18.00,0.125
,45767,ДСП SAVIOLA Artlight/Artligh D99 Дуб Ривьера,310х590,18.00,0.183
,45767,ДСП SAVIOLA Artlight/Artligh D99 Дуб Ривьера,320х510,18.00,0.163
,45767,ДСП SAVIOLA Artlight/Artligh D99 Дуб Ривьера,540х180,18.00,0.097
,45767,ДСП SAVIOLA Artlight/Artligh D99 Дуб Ривьера,340х590,18.00,0.201
,45767,ДСП SAVIOLA Artlight/Artligh D99 Дуб Ривьера,280х540,18.00,0.151
,45767,ДСП SAVIOLA Artlight/Artligh D99 Дуб Ривьера,730х330,18.00,0.241
,45767,ДСП SAVIOLA Artlight/Artligh D99 Дуб Ривьера,170х590,18.00,0.1
,45767,ДСП SAVIOLA Artlight/Artligh D99 Дуб Ривьера,200х500,18.00,0.1
,45767,ДСП SAVIOLA Artlight/Artligh D99 Дуб Ривьера,330х500,18.00,0.165
,45767,ДСП SAVIOLA Artlight/Artligh D99 Дуб Ривьера,1380х210,18.00,0.29
,45767,ДСП SAVIOLA Artlight/Artligh D99 Дуб Ривьера,160х660,18.00,0.106
,45767,ДСП SAVIOLA Artlight/Artligh D99 Дуб Ривьера,200х590,18.00,0.118
,45767,ДСП SAVIOLA Artlight/Artligh D99 Дуб Ривьера,440х180,18.00,0.158
,45767,ДСП SAVIOLA Artlight/Artligh D99 Дуб Ривьера,310х440,18.00,0.272
,45767,ДСП SAVIOLA Artlight/Artligh D99 Дуб Ривьера,350х500,18.00,0.175
,45767,ДСП SAVIOLA Artlight/Artligh D99 Дуб Ривьера,590х360,18.00,0.212
,45767,ДСП SAVIOLA Artlight/Artligh D99 Дуб Ривьера,290х600,18.00,0.174
,45767,ДСП SAVIOLA Artlight/Artligh D99 Дуб Ривьера,290х1140,18.00,0.331
,45737,ДСП SAVIOLA Artlight/Artlight D99 Дуб Ривьера,620х270,8.00,0.167
,45737,ДСП SAVIOLA Artlight/Artlight D99 Дуб Ривьера,550х610,8.00,0.336
,45737,ДСП SAVIOLA Artlight/Artlight D99 Дуб Ривьера,560х210,8.00,0.118
,45737,ДСП SAVIOLA Artlight/Artlight D99 Дуб Ривьера,2010х2120,8.00,4.261
,45737,ДСП SAVIOLA Artlight/Artlight D99 Дуб Ривьера,420х190,8.00,0.08
,45769,ДСП SAVIOLA Artstone/As DA4 Оксид серый,2800х1010,18.00,2.828
,45739,ДСП SAVIOLA Artstone/As DA4 Оксид серый,240х1110,8.00,0.266
,45769,ДСП SAVIOLA Artstone/As DA4 Оксид серый,660х590,18.00,0.389
,45769,ДСП SAVIOLA Artstone/As DA4 Оксид серый,210х1050,18.00,0.221
,45769,ДСП SAVIOLA Artstone/As DA4 Оксид серый,2800х1800,18.00,5.04
,45769,ДСП SAVIOLA Artstone/As DA4 Оксид серый,1340х590,18.00,0.791
,45769,ДСП SAVIOLA Artstone/As DA4 Оксид серый,1330х270,18.00,0.359
,45769,ДСП SAVIOLA Artstone/As DA4 Оксид серый,470х660,18.00,0.31
,45769,ДСП SAVIOLA Artstone/As DA4 Оксид серый,2150х990,18.00,2.129
,45769,ДСП SAVIOLA Artstone/As DA4 Оксид серый,260х2120,18.00,0.551
,45769,ДСП SAVIOLA Artstone/As DA4 Оксид серый,1930х300,18.00,0.579
,45769,ДСП SAVIOLA Artstone/As DA4 Оксид серый,420х240,18.00,0.101
,45769,ДСП SAVIOLA Artstone/As DA4 Оксид серый,340х590,18.00,0.201
,45739,ДСП SAVIOLA Artstone/As DA4 Оксид серый,1510х1690,8.00,2.552
,45769,ДСП SAVIOLA Artstone/As DA4 Оксид серый,610х2120,18.00,1.293
,45769,ДСП SAVIOLA Artstone/As DA4 Оксид серый,740х2120,18.00,1.569
,45769,ДСП SAVIOLA Artstone/As DA4 Оксид серый,390х430,18.00,0.168
,45769,ДСП SAVIOLA Artstone/As DA4 Оксид серый,490х480,18.00,0.235
,45769,ДСП SAVIOLA Artstone/As DA4 Оксид серый,2800х1500,18.00,4.2
,45769,ДСП SAVIOLA Artstone/As DA4 Оксид серый,170х1590,18.00,0.27
,45739,ДСП SAVIOLA Artstone/As DA4 Оксид серый,1250х400,8.00,0.5
,45769,ДСП SAVIOLA Artstone/As DA4 Оксид серый,250х590,18.00,0.148
,45769,ДСП SAVIOLA Artstone/As DA4 Оксид серый,440х630,18.00,0.277
,45769,ДСП SAVIOLA Artstone/As DA4 Оксид серый,450х440,18.00,0.198
,45769,ДСП SAVIOLA Artstone/As DA4 Оксид серый,600х540,18.00,0.324
,45769,ДСП SAVIOLA Artstone/As DA4 Оксид серый,160х510,18.00,0.082
,45769,ДСП SAVIOLA Artstone/As DA4 Оксид серый,2800х1460,18.00,4.088
,45770,ДСП SAVIOLA Artstone/As DB2 Эвкалипт серый,680х1520,18.00,1.034
,45770,ДСП SAVIOLA Artstone/As DB2 Эвкалипт серый,2090х2120,18.00,4.431
,45770,ДСП SAVIOLA Artstone/As DB2 Эвкалипт серый,430х470,18.00,0.202
,45770,ДСП SAVIOLA Artstone/As DB2 Эвкалипт серый,910х340,18.00,0.309
,45771,ДСП SAVIOLA Artstone/As DB3 Эвкалипт коричневый,610х440,18.00,0.268
,45771,ДСП SAVIOLA Artstone/As DB3 Эвкалипт коричневый,800х190,18.00,0.152
,45771,ДСП SAVIOLA Artstone/As DB3 Эвкалипт коричневый,170х590,18.00,0.1
,45771,ДСП SAVIOLA Artstone/As DB3 Эвкалипт коричневый,640х590,18.00,0.378
,45771,ДСП SAVIOLA Artstone/As DB3 Эвкалипт коричневый,830х1010,18.00,0.838
,45771,ДСП SAVIOLA Artstone/As DB3 Эвкалипт коричневый,620х570,18.00,0.353
,45771,ДСП SAVIOLA Artstone/As DB3 Эвкалипт коричневый,660х1010,18.00,0.667
,45771,ДСП SAVIOLA Artstone/As DB3 Эвкалипт коричневый,640х240,18.00,0.154
,45771,ДСП SAVIOLA Artstone/As DB3 Эвкалипт коричневый,650х330,18.00,0.215
,45771,ДСП SAVIOLA Artstone/As DB3 Эвкалипт коричневый,640х330,18.00,0.211
,45771,ДСП SAVIOLA Artstone/As DB3 Эвкалипт коричневый,640х440,18.00,0.282
,45771,ДСП SAVIOLA Artstone/As DB3 Эвкалипт коричневый,630х590,18.00,0.372
,45771,ДСП SAVIOLA Artstone/As DB3 Эвкалипт коричневый,640х560,18.00,0.358
,45771,ДСП SAVIOLA Artstone/As DB3 Эвкалипт коричневый,400х1460,18.00,0.584
,45771,ДСП SAVIOLA Artstone/As DB3 Эвкалипт коричневый,640х570,18.00,0.365
,45738,ДСП SAVIOLA Artstone/As TR9 Оксид,540х220,8.00,0.119
,45738,ДСП SAVIOLA Artstone/As TR9 Оксид,230х1440,8.00,0.331
,45772,ДСП SAVIOLA Artstone/As TR9 Оксид,360х590,18.00,0.212
,45738,ДСП SAVIOLA Artstone/As TR9 Оксид,1880х2120,8.00,3.986
,45772,ДСП SAVIOLA Artstone/As TR9 Оксид,390х630,18.00,0.246
,45772,ДСП SAVIOLA Artstone/As TR9 Оксид,390х570,18.00,0.444
,45773,ДСП SAVIOLA Atlas/As 0SS Белый лед,110х590,18.00,0.065
,45773,ДСП SAVIOLA Atlas/As 0SS Белый лед,240х500,18.00,0.12
,45773,ДСП SAVIOLA Atlas/As 0SS Белый лед,290х690,18.00,0.2
,45773,ДСП SAVIOLA Atlas/As 0SS Белый лед,310х540,18.00,0.167
,45773,ДСП SAVIOLA Atlas/As 0SS Белый лед,640х180,18.00,0.115
,45773,ДСП SAVIOLA Atlas/As 0SS Белый лед,230х1520,18.00,0.35
,45773,ДСП SAVIOLA Atlas/As 0SS Белый лед,310х490,18.00,0.152
,45773,ДСП SAVIOLA Atlas/As 0SS Белый лед,670х750,18.00,0.503
,45773,ДСП SAVIOLA Atlas/As 0SS Белый лед,920х280,18.00,0.258
,45764,ДСП SAVIOLA Atlas/As 0SS Белый лед,1490х440,8.00,0.656
,45773,ДСП SAVIOLA Atlas/As 0SS Белый лед,670х200,18.00,0.134
,45773,ДСП SAVIOLA Atlas/As 0SS Белый лед,540х390,18.00,0.211
,45773,ДСП SAVIOLA Atlas/As 0SS Белый лед,660х290,18.00,0.191
,45773,ДСП SAVIOLA Atlas/As 0SS Белый лед,350х590,18.00,0.207
,45773,ДСП SAVIOLA Atlas/As 0SS Белый лед,710х290,18.00,0.206
,45764,ДСП SAVIOLA Atlas/As 0SS Белый лед,1800х1100,8.00,1.98
,45773,ДСП SAVIOLA Atlas/As 0SS Белый лед,600х190,18.00,0.114
,45773,ДСП SAVIOLA Atlas/As 0SS Белый лед,710х200,18.00,0.142
,45773,ДСП SAVIOLA Atlas/As 0SS Белый лед,1010х2120,18.00,2.141
,45773,ДСП SAVIOLA Atlas/As 0SS Белый лед,1440х2120,18.00,3.053
,45773,ДСП SAVIOLA Atlas/As 0SS Белый лед,300х590,18.00,0.177
,45773,ДСП SAVIOLA Atlas/As 0SS Белый лед,710х190,18.00,0.135
,45773,ДСП SAVIOLA Atlas/As 0SS Белый лед,710х210,18.00,0.149
,45773,ДСП SAVIOLA Atlas/As 0SS Белый лед,710х160,18.00,0.228
,45773,ДСП SAVIOLA Atlas/As 0SS Белый лед,260х590,18.00,0.153
,45773,ДСП SAVIOLA Atlas/As 0SS Белый лед,200х640,18.00,0.128
,45773,ДСП SAVIOLA Atlas/As 0SS Белый лед,160х740,18.00,0.118
,45773,ДСП SAVIOLA Atlas/As 0SS Белый лед,320х1300,18.00,0.416
,45773,ДСП SAVIOLA Atlas/As 0SS Белый лед,710х100,18.00,0.071
,45773,ДСП SAVIOLA Atlas/As 0SS Белый лед,200х1250,18.00,0.25
,45773,ДСП SAVIOLA Atlas/As 0SS Белый лед,480х220,18.00,0.106
,45773,ДСП SAVIOLA Atlas/As 0SS Белый лед,270х460,18.00,0.124
,45764,ДСП SAVIOLA Atlas/As 0SS Белый лед,2800х1160,8.00,3.248
,45774,ДСП SAVIOLA Atlas/As 308 Черный,680х160,18.00,0.109
,45774,ДСП SAVIOLA Atlas/As 308 Черный,170х580,18.00,0.099
,45774,ДСП SAVIOLA Atlas/As 308 Черный,640х790,18.00,0.506
,45774,ДСП SAVIOLA Atlas/As 308 Черный,250х440,18.00,0.11
,45774,ДСП SAVIOLA Atlas/As 308 Черный,2800х410,18.00,1.148
,45774,ДСП SAVIOLA Atlas/As 308 Черный,810х500,18.00,0.405
,45763,ДСП SAVIOLA Atlas/As 308 Черный,1780х2120,8.00,3.774
,45774,ДСП SAVIOLA Atlas/As 308 Черный,2300х1940,18.00,4.462
,45774,ДСП SAVIOLA Atlas/As 308 Черный,1850х380,18.00,0.703
,45774,ДСП SAVIOLA Atlas/As 308 Черный,2800х1120,18.00,3.136
,45774,ДСП SAVIOLA Atlas/As 308 Черный,510х800,18.00,0.408
,45774,ДСП SAVIOLA Atlas/As 308 Черный,1170х300,18.00,0.351
,45774,ДСП SAVIOLA Atlas/As 308 Черный,680х190,18.00,0.129
,45774,ДСП SAVIOLA Atlas/As 308 Черный,510х170,18.00,0.087
,45774,ДСП SAVIOLA Atlas/As 308 Черный,480х600,18.00,0.288
,45775,ДСП SAVIOLA Atlas/As P44 Неро,650х500,18.00,0.325
,45775,ДСП SAVIOLA Atlas/As P44 Неро,1510х190,18.00,0.287
,45775,ДСП SAVIOLA Atlas/As P44 Неро,390х660,18.00,0.257
,45775,ДСП SAVIOLA Atlas/As P44 Неро,160х1320,18.00,0.211
,45775,ДСП SAVIOLA Atlas/As P44 Неро,720х500,18.00,0.36
,45775,ДСП SAVIOLA Atlas/As P44 Неро,450х180,18.00,0.081
,45775,ДСП SAVIOLA Atlas/As P44 Неро,700х540,18.00,0.756
,45775,ДСП SAVIOLA Atlas/As P44 Неро,2800х1000,18.00,2.8
,45775,ДСП SAVIOLA Atlas/As P44 Неро,350х660,18.00,0.231
,45729,ДСП SAVIOLA Gessato/Gessato P01 Дуб бежево-серый,530х940,8.00,0.498
,45776,ДСП SAVIOLA Gessato/Gessato P01 Дуб бежево-серый,370х710,18.00,0.263
,45729,ДСП SAVIOLA Gessato/Gessato P01 Дуб бежево-серый,830х180,8.00,0.149
,45776,ДСП SAVIOLA Gessato/Gessato P01 Дуб бежево-серый,680х350,18.00,0.238
,45729,ДСП SAVIOLA Gessato/Gessato P01 Дуб бежево-серый,2800х1820,8.00,5.096
,45729,ДСП SAVIOLA Gessato/Gessato P01 Дуб бежево-серый,2180х1360,8.00,2.965
,45729,ДСП SAVIOLA Gessato/Gessato P01 Дуб бежево-серый,530х270,8.00,0.143
,45776,ДСП SAVIOLA Gessato/Gessato P01 Дуб бежево-серый,290х490,18.00,0.142
,45776,ДСП SAVIOLA Gessato/Gessato P01 Дуб бежево-серый,250х510,18.00,0.128
,45776,ДСП SAVIOLA Gessato/Gessato P01 Дуб бежево-серый,200х500,18.00,0.1
,45776,ДСП SAVIOLA Gessato/Gessato P01 Дуб бежево-серый,210х450,18.00,0.095
,45729,ДСП SAVIOLA Gessato/Gessato P01 Дуб бежево-серый,640х290,8.00,0.186
,45776,ДСП SAVIOLA Gessato/Gessato P01 Дуб бежево-серый,2800х270,18.00,0.756
,45729,ДСП SAVIOLA Gessato/Gessato P01 Дуб бежево-серый,500х190,8.00,0.095
,45729,ДСП SAVIOLA Gessato/Gessato P01 Дуб бежево-серый,1060х190,8.00,0.201
,45730,ДСП SAVIOLA Gessato/Gessato P11 Дуб белый,200х970,8.00,0.194
,45777,ДСП SAVIOLA Gessato/Gessato P11 Дуб белый,590х290,18.00,0.171
,45730,ДСП SAVIOLA Gessato/Gessato P11 Дуб белый,900х260,8.00,0.234
,45777,ДСП SAVIOLA Gessato/Gessato P11 Дуб белый,710х270,18.00,0.384
,45730,ДСП SAVIOLA Gessato/Gessato P11 Дуб белый,2800х1530,8.00,4.284
,45777,ДСП SAVIOLA Gessato/Gessato P11 Дуб белый,200х590,18.00,0.118
,45777,ДСП SAVIOLA Gessato/Gessato P11 Дуб белый,180х490,18.00,0.088
,45777,ДСП SAVIOLA Gessato/Gessato P11 Дуб белый,710х240,18.00,0.17
,45777,ДСП SAVIOLA Gessato/Gessato P11 Дуб белый,600х300,18.00,0.18
,45746,ДСП SAVIOLA Portland/Portland A11 Текстоун серый,350х480,8.00,0.168
,45781,ДСП SAVIOLA Portland/Portland A11 Текстоун серый,430х590,18.00,0.254
,45781,ДСП SAVIOLA Portland/Portland A11 Текстоун серый,1210х300,18.00,0.363
,45781,ДСП SAVIOLA Portland/Portland A11 Текстоун серый,1320х270,18.00,0.356
,45781,ДСП SAVIOLA Portland/Portland A11 Текстоун серый,1270х1420,18.00,1.803
,45781,ДСП SAVIOLA Portland/Portland A11 Текстоун серый,180х1400,18.00,0.252
,45781,ДСП SAVIOLA Portland/Portland A11 Текстоун серый,510х1190,18.00,0.607
,45781,ДСП SAVIOLA Portland/Portland A11 Текстоун серый,920х280,18.00,0.258
,45746,ДСП SAVIOLA Portland/Portland A11 Текстоун серый,2800х1130,8.00,3.164
,45782,ДСП SAVIOLA Portland/Portland A12 Текстоун антрацит,820х170,18.00,0.139
,45782,ДСП SAVIOLA Portland/Portland A12 Текстоун антрацит,1360х310,18.00,0.422
,45782,ДСП SAVIOLA Portland/Portland A12 Текстоун антрацит,2620х180,18.00,0.472
,45782,ДСП SAVIOLA Portland/Portland A12 Текстоун антрацит,2800х1450,18.00,4.06
,45782,ДСП SAVIOLA Portland/Portland A12 Текстоун антрацит,650х310,18.00,0.202
,45782,ДСП SAVIOLA Portland/Portland A12 Текстоун антрацит,980х1460,18.00,1.431
,45782,ДСП SAVIOLA Portland/Portland A12 Текстоун антрацит,2230х2120,18.00,4.728
,45747,ДСП SAVIOLA Portland/Portland A12 Текстоун антрацит,1780х1620,8.00,2.884
,45782,ДСП SAVIOLA Portland/Portland A12 Текстоун антрацит,400х530,18.00,0.212
,45782,ДСП SAVIOLA Portland/Portland A12 Текстоун антрацит,340х440,18.00,0.15
,45782,ДСП SAVIOLA Portland/Portland A12 Текстоун антрацит,450х180,18.00,0.081
,45782,ДСП SAVIOLA Portland/Portland A12 Текстоун антрацит,450х280,18.00,0.126
,45783,ДСП SAVIOLA Portland/Portland DC7 Бетон Кируна,450х280,18.00,0.126
,45783,ДСП SAVIOLA Portland/Portland DC7 Бетон Кируна,210х500,18.00,0.105
,45783,ДСП SAVIOLA Portland/Portland DC7 Бетон Кируна,280х590,18.00,0.165
,45783,ДСП SAVIOLA Portland/Portland DC7 Бетон Кируна,420х590,18.00,0.248
,45783,ДСП SAVIOLA Portland/Portland DC7 Бетон Кируна,220х610,18.00,0.134
,45765,ДСП SAVIOLA Portland/Portland DC7 Бетон Кируна,230х910,8.00,0.209
,45783,ДСП SAVIOLA Portland/Portland DC7 Бетон Кируна,430х350,18.00,0.151
,45783,ДСП SAVIOLA Portland/Portland DC7 Бетон Кируна,710х290,18.00,0.206
,45783,ДСП SAVIOLA Portland/Portland DC7 Бетон Кируна,180х970,18.00,0.175
,45783,ДСП SAVIOLA Portland/Portland DC7 Бетон Кируна,710х280,18.00,0.199
,45784,ДСП SAVIOLA Tangere/Tangere DJ5 Антрацит,790х530,18.00,0.419
,45784,ДСП SAVIOLA Tangere/Tangere DJ5 Антрацит,350х1620,18.00,0.567
,45784,ДСП SAVIOLA Tangere/Tangere DJ5 Антрацит,2630х2120,18.00,5.576
,45784,ДСП SAVIOLA Tangere/Tangere DJ5 Антрацит,360х710,18.00,0.256
,45784,ДСП SAVIOLA Tangere/Tangere DJ5 Антрацит,1830х2120,18.00,3.88
,45785,ДСП SAVIOLA Tangere/Tangere DJ7 Серый,2420х2120,18.00,5.13
,45785,ДСП SAVIOLA Tangere/Tangere DJ7 Серый,1430х1160,18.00,1.659
,45785,ДСП SAVIOLA Tangere/Tangere DJ7 Серый,290х1620,18.00,0.47
,45785,ДСП SAVIOLA Tangere/Tangere DJ7 Серый,2800х1990,18.00,5.572
,45786,ДСП SAVIOLA Tangere/Tangere DJ8 Белый,490х700,18.00,0.343
,45786,ДСП SAVIOLA Tangere/Tangere DJ8 Белый,170х2120,18.00,0.36
,45786,ДСП SAVIOLA Tangere/Tangere DJ8 Белый,1290х210,18.00,0.271
,45786,ДСП SAVIOLA Tangere/Tangere DJ8 Белый,2450х1600,18.00,3.92
,45786,ДСП SAVIOLA Tangere/Tangere DJ8 Белый,250х800,18.00,0.2
,71228,ДСП SAVIOLA Topmat/Topmat 16F Платиновый NEW 2020,2300х2120,18.00,4.876
,71226,ДСП SAVIOLA Topmat/Topmat 68R Белый NEW 2020,2200х2120,18.00,4.664
,71226,ДСП SAVIOLA Topmat/Topmat 68R Белый NEW 2020,350х910,18.00,0.319
,71229,ДСП SAVIOLA Topmat/Topmat 68R Белый NEW 2020 ДСП SAVIOLA Topmat/Topmat 68R Белый NEW 2020,1580х420,8.00,0.664
,71229,ДСП SAVIOLA Topmat/Topmat 68R Белый NEW 2020 ДСП SAVIOLA Topmat/Topmat 68R Белый NEW 2020,1190х2120,8.00,2.523
,71229,ДСП SAVIOLA Topmat/Topmat 68R Белый NEW 2020 ДСП SAVIOLA Topmat/Topmat 68R Белый NEW 2020,540х640,8.00,0.346
,71227,ДСП SAVIOLA Topmat/Topmat AP2 Серый NEW 2020,2400х2120,18.00,5.088
,69600,ДСП SAVIOLA Valiant/Valiant 81R Дуб Тортонский,1980х940,18.00,1.861
,69600,ДСП SAVIOLA Valiant/Valiant 81R Дуб Тортонский,380х400,18.00,0.304
,69600,ДСП SAVIOLA Valiant/Valiant 81R Дуб Тортонский,180х710,18.00,0.128
,69600,ДСП SAVIOLA Valiant/Valiant 81R Дуб Тортонский,560х170,18.00,0.095
,69600,ДСП SAVIOLA Valiant/Valiant 81R Дуб Тортонский,240х710,18.00,0.17
,45788,ДСП SAVIOLA Valiant/Valiant DG2 Орех термо,290х710,18.00,0.206
,45788,ДСП SAVIOLA Valiant/Valiant DG2 Орех термо,590х340,18.00,0.201
,45788,ДСП SAVIOLA Valiant/Valiant DG2 Орех термо,580х330,18.00,0.191
,45788,ДСП SAVIOLA Valiant/Valiant DG2 Орех термо,590х160,18.00,0.094
,45788,ДСП SAVIOLA Valiant/Valiant DG2 Орех термо,910х210,18.00,0.191
,45788,ДСП SAVIOLA Valiant/Valiant DG2 Орех термо,170х610,18.00,0.104
,45788,ДСП SAVIOLA Valiant/Valiant DG2 Орех термо,600х510,18.00,0.306
,45788,ДСП SAVIOLA Valiant/Valiant DG2 Орех термо,970х920,18.00,0.892
,45788,ДСП SAVIOLA Valiant/Valiant DG2 Орех термо,270х520,18.00,0.14
,45788,ДСП SAVIOLA Valiant/Valiant DG2 Орех термо,2800х650,18.00,1.82
,45788,ДСП SAVIOLA Valiant/Valiant DG2 Орех термо,630х710,18.00,0.894
,45788,ДСП SAVIOLA Valiant/Valiant DG2 Орех термо,180х650,18.00,0.117
,45788,ДСП SAVIOLA Valiant/Valiant DG2 Орех термо,2590х2120,18.00,5.491
,45788,ДСП SAVIOLA Valiant/Valiant DG2 Орех термо,180х720,18.00,0.13
,45788,ДСП SAVIOLA Valiant/Valiant DG2 Орех термо,640х160,18.00,0.204
,45788,ДСП SAVIOLA Valiant/Valiant DG2 Орех термо,590х590,18.00,0.348
,45748,ДСП SAVIOLA Valiant/Valiant DG2 Орех термо,1780х2120,8.00,3.774
,45788,ДСП SAVIOLA Valiant/Valiant DG2 Орех термо,960х1700,18.00,1.632
,45788,ДСП SAVIOLA Valiant/Valiant DG2 Орех термо,2400х1170,18.00,2.808
,45788,ДСП SAVIOLA Valiant/Valiant DG2 Орех термо,590х240,18.00,0.142
,45789,ДСП SAVIOLA Valiant/Valiant DG5 Орех серый,1860х1010,18.00,1.879
,45751,ДСП SAVIOLA Valiant/Valiant DG5 Орех серый,1780х2120,8.00,3.774
,45789,ДСП SAVIOLA Valiant/Valiant DG5 Орех серый,180х1140,18.00,0.205
,45789,ДСП SAVIOLA Valiant/Valiant DG5 Орех серый,190х570,18.00,0.108
,45789,ДСП SAVIOLA Valiant/Valiant DG5 Орех серый,840х210,18.00,0.176
,45789,ДСП SAVIOLA Valiant/Valiant DG5 Орех серый,350х540,18.00,0.189
,45789,ДСП SAVIOLA Valiant/Valiant DG5 Орех серый,2350х160,18.00,0.376
,45789,ДСП SAVIOLA Valiant/Valiant DG5 Орех серый,420х1920,18.00,0.806
,45789,ДСП SAVIOLA Valiant/Valiant DG5 Орех серый,230х2120,18.00,0.488
,45789,ДСП SAVIOLA Valiant/Valiant DG5 Орех серый,720х410,18.00,0.295
,45789,ДСП SAVIOLA Valiant/Valiant DG5 Орех серый,200х870,18.00,0.174
,45789,ДСП SAVIOLA Valiant/Valiant DG5 Орех серый,590х660,18.00,0.389
,45790,ДСП SAVIOLA Valiant/Valiant DG7 Орех натуральный,780х340,18.00,0.265
,45790,ДСП SAVIOLA Valiant/Valiant DG7 Орех натуральный,480х520,18.00,0.25
,45790,ДСП SAVIOLA Valiant/Valiant DG7 Орех натуральный,200х480,18.00,0.096
,45790,ДСП SAVIOLA Valiant/Valiant DG7 Орех натуральный,350х590,18.00,0.207
,45790,ДСП SAVIOLA Valiant/Valiant DG7 Орех натуральный,680х320,18.00,0.218
,45790,ДСП SAVIOLA Valiant/Valiant DG7 Орех натуральный,210х590,18.00,0.124
,45790,ДСП SAVIOLA Valiant/Valiant DG7 Орех натуральный,790х170,18.00,0.134
,45790,ДСП SAVIOLA Valiant/Valiant DG7 Орех натуральный,320х590,18.00,0.189
,45790,ДСП SAVIOLA Valiant/Valiant DG7 Орех натуральный,280х440,18.00,0.123
,45790,ДСП SAVIOLA Valiant/Valiant DG7 Орех натуральный,480х490,18.00,0.235
,45790,ДСП SAVIOLA Valiant/Valiant DG7 Орех натуральный,430х580,18.00,0.249
,45790,ДСП SAVIOLA Valiant/Valiant DG7 Орех натуральный,330х2120,18.00,0.7
,45790,ДСП SAVIOLA Valiant/Valiant DG7 Орех натуральный,320х500,18.00,0.16
,45790,ДСП SAVIOLA Valiant/Valiant DG7 Орех натуральный,190х710,18.00,0.135
,45790,ДСП SAVIOLA Valiant/Valiant DG7 Орех натуральный,450х320,18.00,0.72
,45790,ДСП SAVIOLA Valiant/Valiant DG7 Орех натуральный,690х170,18.00,0.117
,45790,ДСП SAVIOLA Valiant/Valiant DG7 Орех натуральный,290х700,18.00,0.203
,45790,ДСП SAVIOLA Valiant/Valiant DG7 Орех натуральный,310х760,18.00,0.236
,45790,ДСП SAVIOLA Valiant/Valiant DG7 Орех натуральный,620х340,18.00,0.211
,45790,ДСП SAVIOLA Valiant/Valiant DG7 Орех натуральный,440х180,18.00,0.079
,45790,ДСП SAVIOLA Valiant/Valiant DG7 Орех натуральный,460х190,18.00,0.174
,45790,ДСП SAVIOLA Valiant/Valiant DG7 Орех натуральный,710х190,18.00,0.135
,45790,ДСП SAVIOLA Valiant/Valiant DG7 Орех натуральный,590х180,18.00,0.212
,45790,ДСП SAVIOLA Valiant/Valiant DG7 Орех натуральный,300х590,18.00,0.177
,45790,ДСП SAVIOLA Valiant/Valiant DG7 Орех натуральный,2340х720,18.00,1.685
,45790,ДСП SAVIOLA Valiant/Valiant DG7 Орех натуральный,480х190,18.00,0.091
,45787,ДСП SAVIOLA Valiant/Valiantt 81R Дуб Тортонский,490х250,18.00,0.123
,45787,ДСП SAVIOLA Valiant/Valiantt 81R Дуб Тортонский,1060х350,18.00,0.371
,45787,ДСП SAVIOLA Valiant/Valiantt 81R Дуб Тортонский,1680х900,18.00,1.512
,45787,ДСП SAVIOLA Valiant/Valiantt 81R Дуб Тортонский,890х360,18.00,0.32
,45787,ДСП SAVIOLA Valiant/Valiantt 81R Дуб Тортонский,1140х170,18.00,0.194
,45787,ДСП SAVIOLA Valiant/Valiantt 81R Дуб Тортонский,510х240,18.00,0.122
,45787,ДСП SAVIOLA Valiant/Valiantt 81R Дуб Тортонский,620х390,18.00,0.242
,45787,ДСП SAVIOLA Valiant/Valiantt 81R Дуб Тортонский,1030х250,18.00,0.258
,45787,ДСП SAVIOLA Valiant/Valiantt 81R Дуб Тортонский,610х200,18.00,0.122
,45792,ДСП SAVIOLA Vanguard/Vanguard P23 Орех светлый,400х1200,18.00,0.48
,45792,ДСП SAVIOLA Vanguard/Vanguard P23 Орех светлый,710х450,18.00,0.32
,45792,ДСП SAVIOLA Vanguard/Vanguard P23 Орех светлый,2700х390,18.00,1.053
,45792,ДСП SAVIOLA Vanguard/Vanguard P23 Орех светлый,540х350,18.00,0.189
,45792,ДСП SAVIOLA Vanguard/Vanguard P23 Орех светлый,710х350,18.00,0.249
,45792,ДСП SAVIOLA Vanguard/Vanguard P23 Орех светлый,1480х170,18.00,0.252
,45792,ДСП SAVIOLA Vanguard/Vanguard P23 Орех светлый,230х1040,18.00,0.239
,45792,ДСП SAVIOLA Vanguard/Vanguard P23 Орех светлый,410х430,18.00,0.176
,45792,ДСП SAVIOLA Vanguard/Vanguard P23 Орех светлый,180х440,18.00,0.079
,45792,ДСП SAVIOLA Vanguard/Vanguard P23 Орех светлый,1740х1860,18.00,3.236
,45792,ДСП SAVIOLA Vanguard/Vanguard P23 Орех светлый,560х410,18.00,0.23
,45793,ДСП SAVIOLA Vanguard/Vanguard P24 Орех пепельный,1030х1580,18.00,1.627
,45793,ДСП SAVIOLA Vanguard/Vanguard P24 Орех пепельный,200х650,18.00,0.13
,45793,ДСП SAVIOLA Vanguard/Vanguard P24 Орех пепельный,350х790,18.00,0.277
,45793,ДСП SAVIOLA Vanguard/Vanguard P24 Орех пепельный,1210х350,18.00,0.424
,45793,ДСП SAVIOLA Vanguard/Vanguard P24 Орех пепельный,2800х1310,18.00,3.668
,45793,ДСП SAVIOLA Vanguard/Vanguard P24 Орех пепельный,720х220,18.00,0.158
,45793,ДСП SAVIOLA Vanguard/Vanguard P24 Орех пепельный,610х210,18.00,0.128
,45731,ДСП SAVIOLA Vanguard/Vanguard P25 Орех,560х290,8.00,0.162
,45731,ДСП SAVIOLA Vanguard/Vanguard P25 Орех,2210х270,8.00,0.597
,45731,ДСП SAVIOLA Vanguard/Vanguard P25 Орех,1680х290,8.00,0.487
,45791,ДСП SAVIOLA Vanguard/Vanguard P25 Орех,170х500,18.00,0.085
,45731,ДСП SAVIOLA Vanguard/Vanguard P25 Орех,2210х290,8.00,0.641
,45731,ДСП SAVIOLA Vanguard/Vanguard P25 Орех,560х200,8.00,0.112
,45731,ДСП SAVIOLA Vanguard/Vanguard P25 Орех,2800х1510,8.00,4.228
,45731,ДСП SAVIOLA Vanguard/Vanguard P25 Орех,210х440,8.00,0.092
,45791,ДСП SAVIOLA Vanguard/Vanguard P25 Орех,1200х180,18.00,0.216
,45791,ДСП SAVIOLA Vanguard/Vanguard P25 Орех,200х440,18.00,0.088
,45791,ДСП SAVIOLA Vanguard/Vanguard P25 Орех,940х1650,18.00,1.551
,45731,ДСП SAVIOLA Vanguard/Vanguard P25 Орех,560х240,8.00,0.134
,64116,ДСП SAVIOLA Devon/Devon 68R Ясень белый NEW 2019,2200х2120,18.60,4.664
,64116,ДСП SAVIOLA Devon/Devon 68R Ясень белый NEW 2019,600х440,18.60,0.264
,64116,ДСП SAVIOLA Devon/Devon 68R Ясень белый NEW 2019,180х670,18.60,0.121
,64116,ДСП SAVIOLA Devon/Devon 68R Ясень белый NEW 2019,690х900,18.60,0.621
,64120,ДСП SAVIOLA Devon/Devon 68R Ясень белый NEW 2019,1930х160,8.60,0.309
,64120,ДСП SAVIOLA Devon/Devon 68R Ясень белый NEW 2019,2170х170,8.60,0.369
,64120,ДСП SAVIOLA Devon/Devon 68R Ясень белый NEW 2019,810х190,8.60,0.154
,64116,ДСП SAVIOLA Devon/Devon 68R Ясень белый NEW 2019,2800х1650,18.60,4.62
,64116,ДСП SAVIOLA Devon/Devon 68R Ясень белый NEW 2019,1700х440,18.60,0.748
,64116,ДСП SAVIOLA Devon/Devon 68R Ясень белый NEW 2019,310х1270,18.60,0.394
,64120,ДСП SAVIOLA Devon/Devon 68R Ясень белый NEW 2019,180х420,8.60,0.076
,64120,ДСП SAVIOLA Devon/Devon 68R Ясень белый NEW 2019,710х340,8.60,0.241
,64120,ДСП SAVIOLA Devon/Devon 68R Ясень белый NEW 2019,840х240,8.60,0.202
,64120,ДСП SAVIOLA Devon/Devon 68R Ясень белый NEW 2019,1410х240,8.60,0.338
,64116,ДСП SAVIOLA Devon/Devon 68R Ясень белый NEW 2019,1700х1270,18.60,2.159
,64116,ДСП SAVIOLA Devon/Devon 68R Ясень белый NEW 2019,560х340,18.60,0.19
,64118,ДСП SAVIOLA Devon/Devon AP2 Ясень серый NEW 2019,510х470,18.60,0.24
,64118,ДСП SAVIOLA Devon/Devon AP2 Ясень серый NEW 2019,2150х330,18.60,0.71
,64118,ДСП SAVIOLA Devon/Devon AP2 Ясень серый NEW 2019,2800х510,18.60,1.428
,64118,ДСП SAVIOLA Devon/Devon AP2 Ясень серый NEW 2019,2350х1540,18.60,3.619
,64117,ДСП SAVIOLA Devon/Devon 16F Ясень платиновый NEW 2019,2060х2120,18.60,8.734
,64117,ДСП SAVIOLA Devon/Devon 16F Ясень платиновый NEW 2019,710х1500,18.60,2.13
,64117,ДСП SAVIOLA Devon/Devon 16F Ясень платиновый NEW 2019,200х590,18.60,0.118
,64117,ДСП SAVIOLA Devon/Devon 16F Ясень платиновый NEW 2019,2490х2120,18.60,5.279
,64117,ДСП SAVIOLA Devon/Devon 16F Ясень платиновый NEW 2019,180х440,18.60,0.079
,64117,ДСП SAVIOLA Devon/Devon 16F Ясень платиновый NEW 2019,280х1500,18.60,0.42
,64121,ДСП SAVIOLA Devon/Devon 16F Ясень платиновый NEW 2019,300х1760,8.60,0.528
,64117,ДСП SAVIOLA Devon/Devon 16F Ясень платиновый NEW 2019,360х550,18.60,0.198
,64117,ДСП SAVIOLA Devon/Devon 16F Ясень платиновый NEW 2019,1770х330,18.60,0.584
,64123,ДСП SAVIOLA Valiant/Valiant D74 Амбассадор NEW 2019,640х290,8.00,0.186
,64119,ДСП SAVIOLA Valiant/Valiant D74 Амбассадор NEW 2019,2800х1780,18.00,4.984
,64123,ДСП SAVIOLA Valiant/Valiant D74 Амбассадор NEW 2019,300х1450,8.00,0.435
,64119,ДСП SAVIOLA Valiant/Valiant D74 Амбассадор NEW 2019,620х390,18.00,0.242
,64119,ДСП SAVIOLA Valiant/Valiant D74 Амбассадор NEW 2019,350х750,18.00,0.263
,64119,ДСП SAVIOLA Valiant/Valiant D74 Амбассадор NEW 2019,390х900,18.00,0.351
,64119,ДСП SAVIOLA Valiant/Valiant D74 Амбассадор NEW 2019,1220х2120,18.00,2.586
,64123,ДСП SAVIOLA Valiant/Valiant D74 Амбассадор NEW 2019,1230х1810,8.00,2.226
,64119,ДСП SAVIOLA Valiant/Valiant D74 Амбассадор NEW 2019,1560х1270,18.00,1.981
,12382,ДСП лам. Kronospan 0101 PE Белый фасадный,2330х1930,18.00,4.497
,12382,ДСП лам. Kronospan 0101 PE Белый фасадный,2800х1710,18.00,4.788
,12382,ДСП лам. Kronospan 0101 PE Белый фасадный,460х600,18.00,0.276
,12382,ДСП лам. Kronospan 0101 PE Белый фасадный,2300х2070,18.00,4.761
,23119,ДСП лам. Kronospan 0101 PR Белый фасадный,1930х390,18.00,0.753
,99190,ДСП лам. Kronospan 0110 SM Белый,1860х1000,18.00,1.86
,99190,ДСП лам. Kronospan 0110 SM Белый,2270х1680,18.00,3.814
,99190,ДСП лам. Kronospan 0110 SM Белый,1810х1060,18.00,1.919
,99190,ДСП лам. Kronospan 0110 SM Белый,820х490,18.00,0.402
,99190,ДСП лам. Kronospan 0110 SM Белый,680х480,18.00,0.326
,23724,ДСП лам. Kronospan 0110 SM Белый/Белый корпусный,2050х2070,16.00,4.244
,23724,ДСП лам. Kronospan 0110 SM Белый/Белый корпусный,1660х2070,16.00,3.436
,23724,ДСП лам. Kronospan 0110 SM Белый/Белый корпусный,1470х2070,16.00,3.043
,23122,ДСП лам. Kronospan 0112 PE Серый камень,810х2070,18.00,1.677
,23122,ДСП лам. Kronospan 0112 PE Серый камень,2800х780,18.00,2.184
,23122,ДСП лам. Kronospan 0112 PE Серый камень,2530х590,18.00,1.493
,23122,ДСП лам. Kronospan 0112 PE Серый камень,2380х2070,18.00,4.927
,44352,ДСП лам. Kronospan 0125 BS Королевский Синий НОВАЯ СТРУКТУРА,500х1320,18.00,0.66
,44352,ДСП лам. Kronospan 0125 BS Королевский Синий НОВАЯ СТРУКТУРА,2270х2070,18.00,4.699
,16247,ДСП лам. Kronospan 0164 PE Антрацит,1450х1000,18.00,1.45
,16247,ДСП лам. Kronospan 0164 PE Антрацит,1770х1090,18.00,1.929
,16247,ДСП лам. Kronospan 0164 PE Антрацит,2800х840,18.00,1
,16247,ДСП лам. Kronospan 0164 PE Антрацит,2180х2070,18.00,4.513
,16247,ДСП лам. Kronospan 0164 PE Антрацит,2800х1480,18.00,4.144
,16247,ДСП лам. Kronospan 0164 PE Антрацит,2190х2070,18.00,4.533
,12270,ДСП лам. Kronospan 0190 PE Черный,2800х1240,18.00,3.472
,12270,ДСП лам. Kronospan 0190 PE Черный,570х800,18.00,0.456
,12270,ДСП лам. Kronospan 0190 PE Черный,760х850,18.00,0.538
,44301,ДСП лам. Kronospan 0197 SU Шиншилла Серая НОВАЯ СТРУКТУРА,470х600,18.00,0.282
,43078,ДСП лам. Kronospan 0244 SU Бензин,1930х2070,18.00,3.995
,43080,ДСП лам. Kronospan 0301 SU Капучино,1850х1570,18.00,2.905
,23146,ДСП лам. Kronospan 0375 PR Клен,2280х2070,18.00,4.72
,23146,ДСП лам. Kronospan 0375 PR Клен,490х1550,18.00,0.76
,23147,ДСП лам. Kronospan 0381 PR Бук Бавария,430х2070,18.00,0.89
,23147,ДСП лам. Kronospan 0381 PR Бук Бавария,2800х1330,18.00,3.724
,23147,ДСП лам. Kronospan 0381 PR Бук Бавария,2800х810,18.00,2.268
,23148,ДСП лам. Kronospan 0381 PR Бук Бавария,830х1930,10.00,1.602
,23147,ДСП лам. Kronospan 0381 PR Бук Бавария,2800х1700,18.00,4.76
,23147,ДСП лам. Kronospan 0381 PR Бук Бавария,2800х1790,18.00,5.012
,23147,ДСП лам. Kronospan 0381 PR Бук Бавария,2800х560,18.00,1.568
,23148,ДСП лам. Kronospan 0381 PR Бук Бавария,2800х610,10.00,1.708
,15349,ДСП лам. Kronospan 0514 PE Слоновая кость,2800х1540,18.00,4.312
,23125,ДСП лам. Kronospan 0515 PE Песочный,1610х1830,18.00,2.946
,44436,ДСП лам. Kronospan 0551 BS Персик НОВАЯ СТРУКТУРА **,2800х1240,18.00,3.472
,44436,ДСП лам. Kronospan 0551 BS Персик НОВАЯ СТРУКТУРА **,2380х2070,18.00,4.927
,16248,ДСП лам. Kronospan 1700 PE Стальной серый,1560х1850,18.00,2.886
,23155,ДСП лам. Kronospan 1925  PR Орех темный,2240х2070,10.00,4.637
,23162,ДСП лам. Kronospan 2226 PR Венге Магия,2310х430,18.00,0.993
,23163,ДСП лам. Kronospan 3025 PR Дуб Сонома Светлый,2800х840,18.00,2.352
,23163,ДСП лам. Kronospan 3025 PR Дуб Сонома Светлый,2800х440,18.00,1.232
,23163,ДСП лам. Kronospan 3025 PR Дуб Сонома Светлый,930х800,18.00,0.744
,23163,ДСП лам. Kronospan 3025 PR Дуб Сонома Светлый,2800х1270,18.00,3.556
,23163,ДСП лам. Kronospan 3025 PR Дуб Сонома Светлый,1840х2070,18.00,3.809
,23163,ДСП лам. Kronospan 3025 PR Дуб Сонома Светлый,2040х500,18.00,1.02
,27016,ДСП лам. Kronospan 3356 PR Ясень Шимо Светлый,720х1790,18.00,1.289
,27016,ДСП лам. Kronospan 3356 PR Ясень Шимо Светлый,580х1870,18.00,1.085
,27016,ДСП лам. Kronospan 3356 PR Ясень Шимо Светлый,900х2070,18.00,1.863
,23305,ДСП лам. Kronospan 4299 SU Ателье темный,2710х1550,18.00,4.201
,44028,ДСП лам. Kronospan 5194 SN Дуб Винтаж Оксид,2400х1750,18.00,4.2
,44028,ДСП лам. Kronospan 5194 SN Дуб Винтаж Оксид,1970х570,18.00,1.123
,44030,ДСП лам. Kronospan 5347 SN Сосна Арктическая,570х690,18.00,0.786
,44030,ДСП лам. Kronospan 5347 SN Сосна Арктическая,2600х920,18.00,1.974
,14170,ДСП лам. Kronospan 5500 SU Вяз Натуральный Благородный,790х630,18.00,0.498
,14194,ДСП лам. Kronospan 5527 SN Дуб Каменный (Сontempo),850х540,18.00,0.918
,43081,ДСП лам. Kronospan 5981 BS Кашемир,2800х1250,18.00,3.5
,72647,ДСП лам. Kronospan 5981 BS Кашемир,2800х1570,10.00,4.396
,43081,ДСП лам. Kronospan 5981 BS Кашемир,470х790,18.00,0.371
,43081,ДСП лам. Kronospan 5981 BS Кашемир,2170х2070,18.00,4.492
,43081,ДСП лам. Kronospan 5981 BS Кашемир,600х1140,18.00,0.684
,65084,ДСП лам. Kronospan 6459 PE Белый Платиновый NEW 2019,2460х630,18.00,1.55
,65084,ДСП лам. Kronospan 6459 PE Белый Платиновый NEW 2019,420х1380,18.00,0.58
,65083,ДСП лам. Kronospan 6459 SM Белый Платиновый NEW 2019,1790х640,18.00,1.146
,65083,ДСП лам. Kronospan 6459 SM Белый Платиновый NEW 2019,1010х1030,18.00,1.04
,44027,ДСП лам. Kronospan 7063 SU Пастельный зеленый **,430х1140,18.00,0.49
,15386,ДСП лам. Kronospan 7113 BS Красный чили,630х880,18.00,0.554
,15386,ДСП лам. Kronospan 7113 BS Красный чили,1800х1800,18.00,3.24
,15194,ДСП лам. Kronospan 7167 SU Виола/Фиалка,2800х1670,18.00,4.676
,14177,ДСП лам. Kronospan 7179 BS Лазурный **,1430х1490,18.00,2.131
,14177,ДСП лам. Kronospan 7179 BS Лазурный **,720х600,18.00,0.432
,14195,ДСП лам. Kronospan 7648 SN Венге Винтаж (Сontempo),1710х1870,18.00,3.198
,34529,ДСП лам. Kronospan 8362 SN Крослайн карамель  НОВАЯ СТРУКТУРА,2800х1900,18.00,5.32
,44302,ДСП лам. Kronospan 8431 SN Дуб нагано НОВАЯ СТРУКТУРА,2320х1340,18.00,3.109
,11543,ДСП лам. Kronospan 8508 SN Выбеленное дерево светлое (Contempo),2800х790,18.00,2.212
,11543,ДСП лам. Kronospan 8508 SN Выбеленное дерево светлое (Contempo),2800х1740,18.00,4.872
,11543,ДСП лам. Kronospan 8508 SN Выбеленное дерево светлое (Contempo),2800х600,18.00,1.68
,11543,ДСП лам. Kronospan 8508 SN Выбеленное дерево светлое (Contempo),2800х1120,18.00,3.136
,11543,ДСП лам. Kronospan 8508 SN Выбеленное дерево светлое (Contempo),2060х410,18.00,0.845
,11543,ДСП лам. Kronospan 8508 SN Выбеленное дерево светлое (Contempo),2800х720,18.00,2.016
,26775,ДСП лам. Kronospan 8508 SN Выбеленное дерево светлое (Contempo),2800х1350,10.00,3.78
,22050,ДСП лам. Kronospan 8533 BS Маккиато,560х790,18.00,0.442
,14181,ДСП лам. Kronospan 8534 BS Роза,940х710,18.00,0.667
,14181,ДСП лам. Kronospan 8534 BS Роза,2800х600,18.00,1.68
,14181,ДСП лам. Kronospan 8534 BS Роза,1820х1100,18.00,2.002
,11552,ДСП лам. Kronospan 8547 SN Файнлайн крем (Contempo),2800х1630,18.00,4.564
,23166,ДСП лам. Kronospan 8622 PR Дуб молочный,1750х2070,18.00,3.623
,23166,ДСП лам. Kronospan 8622 PR Дуб молочный,400х1440,18.00,0.576
,23166,ДСП лам. Kronospan 8622 PR Дуб молочный,810х440,18.00,0.356
,23166,ДСП лам. Kronospan 8622 PR Дуб молочный,710х650,18.00,0.462
,23166,ДСП лам. Kronospan 8622 PR Дуб молочный,1190х510,18.00,0.607
,23166,ДСП лам. Kronospan 8622 PR Дуб молочный,2370х2070,18.00,4.906
,23165,ДСП лам. Kronospan 8622 PR Дуб молочный,2390х700,10.00,1.673
,23166,ДСП лам. Kronospan 8622 PR Дуб молочный,1330х2070,18.00,2.753
,23165,ДСП лам. Kronospan 8622 PR Дуб молочный,1200х940,10.00,1.128
,23166,ДСП лам. Kronospan 8622 PR Дуб молочный,1220х2070,18.00,2.525
,23166,ДСП лам. Kronospan 8622 PR Дуб молочный,2800х1400,18.00,3.92
,14196,ДСП лам. Kronospan 8681 SM Белый бриллиант,550х650,18.00,0.716
,14196,ДСП лам. Kronospan 8681 SM Белый бриллиант,2200х630,18.00,1.386
,23740,ДСП лам. Kronospan 8685 BS Белый снег,1620х2070,18.00,3.353
,23740,ДСП лам. Kronospan 8685 BS Белый снег,2120х2070,18.00,4.388
,23740,ДСП лам. Kronospan 8685 BS Белый снег,1980х1500,18.00,2.97
,23740,ДСП лам. Kronospan 8685 BS Белый снег,2280х1800,18.00,4.104
,23740,ДСП лам. Kronospan 8685 BS Белый снег,700х620,18.00,0.434
,16267,ДСП лам. Kronospan 8921 PR Дуб Феррара,1240х1820,18.00,2.257
,16267,ДСП лам. Kronospan 8921 PR Дуб Феррара,1740х2070,18.00,3.602
,16267,ДСП лам. Kronospan 8921 PR Дуб Феррара,2800х1660,18.00,4.648
,16267,ДСП лам. Kronospan 8921 PR Дуб Феррара,1820х2070,18.00,3.767
,16267,ДСП лам. Kronospan 8921 PR Дуб Феррара,1480х1100,18.00,1.628
,16267,ДСП лам. Kronospan 8921 PR Дуб Феррара,2800х510,18.00,1.428
,21040,ДСП лам. Kronospan 8953 SU Орех тиеполо,2190х1020,18.00,2.234
,21040,ДСП лам. Kronospan 8953 SU Орех тиеполо,1680х440,18.00,0.739
,43085,ДСП лам. Kronospan 9561 BS Зеленый Оксид,1000х1120,18.00,1.12
,19003,ДСП лам. Kronospan 9763 PR Венге Луизиана МЕНЯЕТСЯ,1910х970,18.00,1.853
,58151,ДСП лам. Kronospan K003 PW Дуб Крафт Золотой,1840х1230,10.00,2.263
,28862,ДСП лам. Kronospan K003 PW Дуб Крафт Золотой НОВАЯ СТРУКТУРА,840х950,18.00,0.798
,28862,ДСП лам. Kronospan K003 PW Дуб Крафт Золотой НОВАЯ СТРУКТУРА,950х940,18.00,0.893
,30753,ДСП лам. Kronospan K005 PW Дуб Урбан Ойстер,2360х1000,18.00,2.36
,30753,ДСП лам. Kronospan K005 PW Дуб Урбан Ойстер,2600х630,18.00,1.638
,30753,ДСП лам. Kronospan K005 PW Дуб Урбан Ойстер,1700х1800,18.00,3.06
,32003,ДСП лам. Kronospan K006 PW Дуб Урбан Янтарный НОВАЯ СТРУКТУРА,2190х1200,18.00,2.628
,16285,ДСП лам. Kronospan K010 SN Сосна Лофт Белая,680х2000,18.00,0.36
,16286,ДСП лам. Kronospan K011 SN Сосна Лофт Кремовая,650х1040,18.00,0.676
,26529,ДСП лам. Kronospan K012 SU Бук Артизан Перламутровый,2800х1320,18.00,3.696
,26529,ДСП лам. Kronospan K012 SU Бук Артизан Перламутровый,840х720,18.00,0.605
,26532,ДСП лам. Kronospan K015 PW Морское Дерево Винтаж,1290х690,18.00,0.89
,26532,ДСП лам. Kronospan K015 PW Морское Дерево Винтаж,2800х710,18.00,1.988
,26533,ДСП лам. Kronospan K016 PW Морское Дерево Карбон,500х780,18.00,0.39
,26533,ДСП лам. Kronospan K016 PW Морское Дерево Карбон,2270х1480,18.00,3.36
,26534,ДСП лам. Kronospan K017 PW Вяз Либерти Светлый,470х620,18.00,0.291
,26537,ДСП лам. Kronospan K020 PW Орех Селект Каменный,1310х1710,18.00,2.24
,43096,ДСП лам. Kronospan K080 PW Дуб Приморский Белый,1010х790,18.00,0.798
,43096,ДСП лам. Kronospan K080 PW Дуб Приморский Белый,2800х1250,18.00,3.5
,43097,ДСП лам. Kronospan K081 PW Дуб Приморский Сатиновый,2800х1640,18.00,4.592
,43097,ДСП лам. Kronospan K081 PW Дуб Приморский Сатиновый,2350х1230,18.00,2.891
,43097,ДСП лам. Kronospan K081 PW Дуб Приморский Сатиновый,910х810,18.00,0.737
,43098,ДСП лам. Kronospan K082 PW Дуб Бурбон,1100х1970,18.00,2.167
,43099,ДСП лам. Kronospan K083 SN Артвуд Светлый,1000х1330,18.00,1.33
,43099,ДСП лам. Kronospan K083 SN Артвуд Светлый,1480х690,18.00,1.021
,43100,ДСП лам. Kronospan K084 SN Артвуд Темный,2100х500,18.00,1.05
,43101,ДСП лам. Kronospan K085 PW Гикори Рокфорд Светлый,400х1520,18.00,0.608
,43102,ДСП лам. Kronospan K086 PW Гикори Рокфорд Натуральный,1890х2070,18.00,3.912
,43103,ДСП лам. Kronospan K087 PW Гикори Рокфорд Темный,660х1000,18.00,0.66
,75595,ДСП лам. Kronospan K088 PW Скандинавское Белое Дерево,1680х2070,10.00,3.478
,43094,ДСП лам. Kronospan K090 PW Дуб Экспрессив Бронзовый,2800х1940,18.00,5.432
,43087,ДСП лам. Kronospan K097 SU Сумеречный Голубой,1790х2070,18.00,3.705
,43106,ДСП лам. Kronospan K105 PW Дуб Эндгрейн Необработанный,400х1540,18.00,0.616
,43106,ДСП лам. Kronospan K105 PW Дуб Эндгрейн Необработанный,2370х2070,18.00,4.906
,69968,ДСП лам. Kronospan K357 PW Дуб Кастелло Серый NEW 2020,2800х1360,18.00,3.808
,69968,ДСП лам. Kronospan K357 PW Дуб Кастелло Серый NEW 2020,970х790,18.00,0.766
,69968,ДСП лам. Kronospan K357 PW Дуб Кастелло Серый NEW 2020,2800х1250,18.00,3.5
,69969,ДСП лам. Kronospan K358 PW Дуб Кастелло Медовый NEW 2020,2380х2070,18.00,4.927
,69969,ДСП лам. Kronospan K358 PW Дуб Кастелло Медовый NEW 2020,390х1540,18.00,0.601
,69971,ДСП лам. Kronospan K360 PW Дуб Харбор Винтажный NEW 2020,2800х1740,18.00,4.872
,69972,ДСП лам. Kronospan K361 PW Дуб Харбор Золотой NEW 2020,500х1470,18.00,0.735
,69973,ДСП лам. Kronospan K362 PW Дуб Харбор Эспрессо NEW 2020,2800х1720,18.00,4.816
,69974,ДСП лам. Kronospan K363 PW Вяз Аврора Натуральный NEW 2020,2160х670,18.00,1.447
,40733,ДСП лам. SWISSPAN 347 WL Дуб Ансберг Темный,1980х1830,18.00,3.623
,40752,ДСП лам. SWISSPAN 350 WL Ясень Ниагара Натуральный,1880х1830,18.00,3.44
,40739,ДСП лам. SWISSPAN 352 SG Акация Лейклэнд светлая,2600х1000,18.00,2.6
,40734,ДСП лам. SWISSPAN 368 WL Дуб Арканзас Темный,2550х590,18.00,1.505
,60847,ДСП лам. SWISSPAN 384 WL Вудлайн Кремовый (H1424),2750х1730,10.00,9.516
,60849,ДСП лам. SWISSPAN 429 WL Кантри,1290х1830,10.00,4.722
,60850,ДСП лам. SWISSPAN 433 WL Аляска,1290х1830,10.00,2.361
,40757,ДСП лам. SWISSPAN 434 SG Монолит,1110х1360,18.00,1.51
,40757,ДСП лам. SWISSPAN 434 SG Монолит,1500х910,18.00,1.365
,40757,ДСП лам. SWISSPAN 434 SG Монолит,2210х600,18.00,1.326
,40743,ДСП лам. SWISSPAN 438 WL Симфония,1880х1830,18.00,3.44
,71300,ДСП лам. SWISSPAN 440 SM Белая Аляска,1010х1600,18.00,1.616
,40747,ДСП лам. SWISSPAN 442 WL Дуб Таверна,2490х1130,18.00,2.814
,74449,"ДСП лам. SWISSPAN 479 WL Сосна Хельга ""NEW 2020"" Е0,5",1190х1830,18.00,2.178
,74449,"ДСП лам. SWISSPAN 479 WL Сосна Хельга ""NEW 2020"" Е0,5",490х1250,18.00,0.613
,40754,ДСП лам. SWISSPAN 484 WL Дуб Морас,2700х1350,18.00,3.645
,47678,ДСП лам. SWISSPAN 492 WL Тасмания,1980х1830,18.00,3.623
,47679,ДСП лам. SWISSPAN 495 WL Мадейра,2000х500,18.00,1
,63576,"ДСП лам. SWISSPAN 503 WL Аспен Е0,5",990х810,18.00,0.802
,63576,"ДСП лам. SWISSPAN 503 WL Аспен Е0,5",960х1830,18.00,1.757
,64631,"ДСП лам. SWISSPAN 508 WL Аликанте темный Е0,5",1980х1830,18.00,3.623
,63118,"ДСП лам. SWISSPAN 511 WL Десмонд Е0,5",1980х1830,18.00,3.623
,74450,"ДСП лам. SWISSPAN 515 WL Готланд ""NEW 2020"" Е0,5",1710х1830,18.00,3.129
,74452,"ДСП лам. SWISSPAN 516 WL Делано Светлый ""NEW 2020"" Е0,5",900х1250,18.00,1.125
,74444,"ДСП лам. SWISSPAN 518 WL Коломбо ""NEW 2020"" Е0,5",1710х1830,18.00,3.129
,74448,"ДСП лам. SWISSPAN 521 WL Ранчо Светлый ""NEW 2020"" Е0,5",1710х1830,18.00,3.129
,74454,"ДСП лам. SWISSPAN 523 WL Юкон  ""NEW 2020"" Е0,5",1710х1830,18.00,3.129
,71101,"ЛДСП Egger Арктика серый ST9 2800х2070х18мм (5,796) U2 NEW 2017-2019",1210х730,18.00,0.883
,58304,ЛМДФ плита 0110 SM 19мм двухсторонняя лам. Кronospan,2130х2070,19.00,4.409
,56000,ЛХДФ Белое 0110 Kronospan Сморгонь,2700х1100,3.00,2.97
,00055,Материал заказчика (ДСП),310х840,18.00,0.52
,32499,МДФ AGT 300 Металлик INOX\Белый PE,2800х860,18.00,2.408
,72913,МДФ AGT 3010 Жемчужина черная supramat/двухсторонний,2560х1220,18.00,3.123
,72917,МДФ AGT 3011Лондра блюз supramat/двухсторонний,2560х1220,18.00,3.123
,72921,МДФ AGT 3012 Снежно-белый supramat/двухсторонний,2560х1220,18.00,3.123
,72925,МДФ AGT 3013 Бриз бежевый supramat/двухсторонний,2560х1220,18.00,3.123
,72928,МДФ AGT 3014 Облако серый supramat/двухсторонний,1800х1150,18.00,2.07
,72918,МДФ AGT 3016 Дейзи розовый supramat/двухсторонний,1470х1130,18.00,1.661
,72922,МДФ AGT 3017 Таймлес supramat/двухсторонний,2560х1220,18.00,3.123
,72915,МДФ AGT 3020 Сафари серый supramat/двухсторонний,2320х1220,18.00,2.83
,72919,МДФ AGT 3021 Лёд серый supramat/двухсторонний,2560х1220,18.00,3.123
,72923,МДФ AGT 3022 Королевский серый supramat/двухсторонний,1900х1100,18.00,2.09
,72926,МДФ AGT 3023 Темно-серый supramat/двухсторонний,2100х1200,18.00,2.52
,72930,МДФ AGT 3024 Галька серая supramat/двухсторонний,2560х1220,18.00,3.123
,72916,МДФ AGT 3025  Горький  шоколад supramat/двухсторонний,1250х1220,18.00,1.525
,72927,МДФ AGT 3028 Жемчужина белая supramat/двухсторонний,2560х1220,18.00,3.123
,72931,МДФ AGT 3029 Тихий океан  supramat/двухсторонний,2560х1220,18.00,3.123
,51600,МДФ AGT 383 Кашемир Белый матовый\Белый РЕ,570х1220,18.00,0.695
,51600,МДФ AGT 383 Кашемир Белый матовый\Белый РЕ,570х640,18.00,0.73
,51600,МДФ AGT 383 Кашемир Белый матовый\Белый РЕ,880х800,18.00,0.704
,51601,МДФ AGT 384 Кашемир Золотой матовый\Белый РЕ,490х1200,18.00,0.588
,51601,МДФ AGT 384 Кашемир Золотой матовый\Белый РЕ,860х1000,18.00,0.86
,51602,МДФ AGT 385 Кашемир Кремовый матовый\Белый РЕ,2800х600,18.00,1.68
,67807,МДФ AGT 391 Бежевый Камень матовый\Белый РЕ,2430х1220,18.00,2.965
,39794,МДФ AGT 6002 Черный Глянец\Белый РЕ,910х400,18.00,0.364
,39794,МДФ AGT 6002 Черный Глянец\Белый РЕ,2800х790,18.00,2.212
,49224,МДФ AGT 6004 Белый Жемчуг Глянец\Белый РЕ,1550х390,18.00,0.605
,60469,МДФ AGT 6008 Светло-серый Глянец\Белый РЕ,2560х750,18.00,1.92
,32504,МДФ AGT 601 Белый Глянец\Белый РЕ,1170х1220,18.00,1.427
,32504,МДФ AGT 601 Белый Глянец\Белый РЕ,1800х1220,18.00,2.196
,32504,МДФ AGT 601 Белый Глянец\Белый РЕ,2800х960,18.00,2.688
,32504,МДФ AGT 601 Белый Глянец\Белый РЕ,690х1220,18.00,0.842
,60468,МДФ AGT 6017 Темно-серый Глянец\Белый РЕ,1250х1220,18.00,1.525
,32506,МДФ AGT 604 Черное дерево Глянец\Белый РЕ,2560х1220,18.00,3.123
,32508,МДФ AGT 605 Кремовый Глянец\Белый РЕ,1750х670,18.00,1.173
,32510,МДФ AGT 608 Антрацит металлический Глянец\Белый РЕ,710х770,18.00,0.547
,32511,МДФ AGT 609 Дуб белый Глянец\Белый РЕ,1900х1000,18.00,1.9
,32515,МДФ AGT 623 Капучино/Кофе с молоком Глянец\Белый РЕ,2800х970,18.00,2.716
,36228,МДФ AGT 640 Крем золотой Глянец\Белый РЕ,2080х740,18.00,1.539
,36228,МДФ AGT 640 Крем золотой Глянец\Белый РЕ,1660х1220,18.00,2.025
,32523,МДФ AGT 647 Бьянко Глянец\Белый РЕ,1480х1220,18.00,1.806
,32523,МДФ AGT 647 Бьянко Глянец\Белый РЕ,830х1220,18.00,1.013
,32525,МДФ AGT 653 Терра коричневая Глянец\Белый РЕ,2800х860,18.00,2.408
,32527,МДФ AGT 667 Клен белый Глянец\Белый РЕ,2560х880,18.00,2.253
,36226,МДФ AGT 678 Галактика кремовая Глянец\Белый РЕ,2280х1220,18.00,2.782
,32536,МДФ AGT 679 Галактика коричневая Глянец\Белый РЕ,980х1220,18.00,1.196
,67808,МДФ AGT 687 Металлик Золото Глянец\Белый РЕ,2560х1220,18.00,3.123
,32537,МДФ AGT 689 Металлик синий Глянец\Белый РЕ,2560х1220,18.00,3.123
,47449,МДФ AGT 723 Черный шелк Soft Touch\Белый РЕ,2630х1220,18.00,3.209
,47449,МДФ AGT 723 Черный шелк Soft Touch\Белый РЕ,2430х900,18.00,2.187
,32540,МДФ AGT 728 Серый шелк Soft Touch\Белый РЕ,2370х1220,18.00,2.891
,40514,МДФ AGT 729 Светло-серый шелк Soft Touch\Белый РЕ,2560х1220,18.00,3.123
,32541,МДФ AGT 730 Кремовый шелк Soft Touch\Белый РЕ,1140х1220,18.00,1.391
,32541,МДФ AGT 730 Кремовый шелк Soft Touch\Белый РЕ,2800х1070,18.00,2.996
,35590,МДФ AGT 734 Белый шелк Soft Touch\Белый РЕ,780х1220,18.00,0.952
,35590,МДФ AGT 734 Белый шелк Soft Touch\Белый РЕ,830х480,18.00,0.398
,35590,МДФ AGT 734 Белый шелк Soft Touch\Белый РЕ,1180х880,18.00,1.038
,35590,МДФ AGT 734 Белый шелк Soft Touch\Белый РЕ,1280х1220,18.00,1.562
,35590,МДФ AGT 734 Белый шелк Soft Touch\Белый РЕ,830х1220,18.00,1.013
,35590,МДФ AGT 734 Белый шелк Soft Touch\Белый РЕ,560х960,18.00,0.538
,48361,МДФ AGT 737 Сиена Soft Touch\Белый РЕ,2560х1220,18.00,3.123
,23366,МДФ плита шлифованная 10мм  Кronospan,2400х900,10.00,0.022
,23366,МДФ плита шлифованная 10мм  Кronospan,500х2000,10.00,0.99
,23366,МДФ плита шлифованная 10мм  Кronospan,2300х1300,10.00,0.03
,23366,МДФ плита шлифованная 10мм  Кronospan,1800х1400,10.00,0.975
,23366,МДФ плита шлифованная 10мм  Кronospan,2300х800,10.00,0.018
,23367,МДФ плита шлифованная 12мм  Кronospan,1700х1700,12.00,0.035
,23367,МДФ плита шлифованная 12мм  Кronospan,2600х1000,12.00,0.031
,23364,МДФ плита шлифованная 16мм  Кronospan,1800х1000,16.00,0.029
,23364,МДФ плита шлифованная 16мм  Кronospan,2500х1000,16.00,1
,23364,МДФ плита шлифованная 16мм  Кronospan,2620х530,16.00,0.022
,23364,МДФ плита шлифованная 16мм  Кronospan,2620х1300,16.00,0.087
,23364,МДФ плита шлифованная 16мм  Кronospan,2080х2000,16.00,0.066
,23364,МДФ плита шлифованная 16мм  Кronospan,2500х1300,16.00,0.052
,23364,МДФ плита шлифованная 16мм  Кronospan,2400х1000,16.00,0.038
,23364,МДФ плита шлифованная 16мм  Кronospan,2300х1500,16.00,1
,23364,МДФ плита шлифованная 16мм  Кronospan,1800х700,16.00,0.02
,,,,,
